AMP_No,Sequence,Fatty_acid_chain,Label,Length
Lipopeptide_351,ALWKTLLKKVLKA,C14,0,13
Lipopeptide_352,ALWKTLLKKVLKA,C16,0,13
Lipopeptide_354,ALWKTLLKKVLKAA,C12,0,14
Lipopeptide_303,ASIGALIQKAIALIKAKAA,C18,0,19
Lipopeptide_150,CGCQLR,C18,0,6
Lipopeptide_151,CGCQLR,C12,0,6
Lipopeptide_8,DDHSAGT,C14,0,7
Lipopeptide_166,EDVLL,C16,0,5
Lipopeptide_10,ELLLDLI,C16,0,7
Lipopeptide_161,EVLADLV,C16,0,7
Lipopeptide_163,EVLDL,C16,0,5
Lipopeptide_162,EVLDLV,C16,0,6
Lipopeptide_165,EVLLD,C16,0,5
Lipopeptide_425,FFGKARKLGLRHYFF,C12,0,15
Lipopeptide_445,FFGKARKLGLRHYFF,C16,0,15
Lipopeptide_406,FKRFAKK,C8,0,7
Lipopeptide_442,FLGKKR,C16,0,6
Lipopeptide_296,FLSRIF,C8,0,6
Lipopeptide_190,FQWQRNIRKVR,C12,0,11
Lipopeptide_89,GGKKLFKKILKYL,C10,0,13
Lipopeptide_90,GGKKLFKKILKYL,C12,0,13
Lipopeptide_91,GGKKLFKKILKYL,C14,0,13
Lipopeptide_92,GGKKLFKKILKYL,C16,0,13
Lipopeptide_93,GGKKLFKKILKYL,C18,0,13
Lipopeptide_376,GGVKRFKKFFRKLKKSV,C10,0,17
Lipopeptide_377,GGVKRFKKFFRKLKKSV,C12,0,17
Lipopeptide_378,GGVKRFKKFFRKLKKSV,C14,0,17
Lipopeptide_379,GGVKRFKKFFRKLKKSV,C16,0,17
Lipopeptide_380,GGVKRFKKFFRKLKKSV,C18,0,17
Lipopeptide_353,GIGKFLKKAKKFGKAFVKILKK,C12,0,22
Lipopeptide_109,GIIAGIIIKIKK,C8,0,12
Lipopeptide_110,GIIAGIIIKIKK,C10,0,12
Lipopeptide_111,GIIAGIIIKIKK,C12,0,12
Lipopeptide_7,GSTLLSLL,C16,0,8
Lipopeptide_467,HCLAIGRR,C12,0,8
Lipopeptide_194,HFRWGKPV,C16,0,8
Lipopeptide_201,HGSRSGQSSRGERHGSSSGSSSH,C16,0,23
Lipopeptide_334,HQTLSGIDQEQNNLTRLIEAQIHELQK,C16,0,27
Lipopeptide_410,ICLDPDAPRIK,C8,0,11
Lipopeptide_427,ICLDPDAPRIK,C12,0,11
Lipopeptide_447,ICLDPDAPRIK,C16,0,11
Lipopeptide_252,IKIKIKIK,C12,0,8
Lipopeptide_496,IRIKIRIK,C8,0,8
Lipopeptide_438,KIKKSLLL,C16,0,8
Lipopeptide_137,KIKRWR,C18,0,6
Lipopeptide_135,KIKRWWR,C18,0,7
Lipopeptide_461,KIRQKKKVR,C12,0,9
Lipopeptide_136,KIRWWR,C18,0,6
Lipopeptide_131,KIWWK,C18,0,5
Lipopeptide_167,KKKKK,C12,0,5
Lipopeptide_85,KKLFKKILKYL,C10,0,11
Lipopeptide_86,KKLFKKILKYL,C14,0,11
Lipopeptide_87,KKLFKKILKYL,C16,0,11
Lipopeptide_88,KKLFKKILKYL,C18,0,11
Lipopeptide_257,KKLFKKILRYL,C14,0,11
Lipopeptide_365,KLLLKWLLKLLK,C16,0,12
Lipopeptide_482,KRIKLAKMIIKKIFS,C16,0,15
Lipopeptide_247,KRIWQR,C6,0,6
Lipopeptide_246,KRIWQRIK,C6,0,8
Lipopeptide_295,KRLKKIGKVLKWIAKIVGSI,C16,0,20
Lipopeptide_367,KRRRRR,C8,0,6
Lipopeptide_360,KVLKAAA,C12,0,7
Lipopeptide_164,KVLKL,C16,0,5
Lipopeptide_413,LESHINEMARIG,C8,0,12
Lipopeptide_430,LESHINEMARIG,C12,0,12
Lipopeptide_450,LESHINEMARIG,C16,0,12
Lipopeptide_292,LGIKILWSAYKHRKTI,C10,0,16
Lipopeptide_453,LIKANWPKKWFKR,C16,0,13
Lipopeptide_79,LKKLLKLLKLLKL,C12,0,13
Lipopeptide_462,LLCRLFHRLFPLRR,C12,0,14
Lipopeptide_431,LLHYKWLHKK,C12,0,10
Lipopeptide_451,LLHYKWLHKK,C16,0,10
Lipopeptide_441,LLLIKKK,C16,0,7
Lipopeptide_22,LNPVFPWVAASA,C12,0,12
Lipopeptide_483,LRWWWIKRI,C16,0,9
Lipopeptide_417,LSAQKK,C8,0,6
Lipopeptide_434,LSAQKK,C12,0,6
Lipopeptide_454,LSAQKK,C16,0,6
Lipopeptide_19,LSTLI,C14,0,5
Lipopeptide_301,LTYAAAV,C8,0,7
Lipopeptide_429,MIKKARKLPFFLI,C12,0,13
Lipopeptide_449,MIKKARKLPFFLI,C16,0,13
Lipopeptide_20,MNPVFPWVAASA,C10,0,12
Lipopeptide_21,MNPVFPWVAASA,C12,0,12
Lipopeptide_23,MNPVFPWVAASA,C14,0,12
Lipopeptide_52,PRPGPRP,C8,0,7
Lipopeptide_53,PRPGPRP,C12,0,7
Lipopeptide_55,PRPLPRP,C8,0,7
Lipopeptide_56,PRPLPRP,C12,0,7
Lipopeptide_297,PRPRPPR,C10,0,7
Lipopeptide_49,PRPRPRP,C8,0,7
Lipopeptide_50,PRPRPRP,C12,0,7
Lipopeptide_58,PRPWPRP,C8,0,7
Lipopeptide_409,QKNFHYTDE,C8,0,9
Lipopeptide_426,QKNFHYTDE,C12,0,9
Lipopeptide_446,QKNFHYTDE,C16,0,9
Lipopeptide_415,RAPYVKTK,C8,0,8
Lipopeptide_432,RAPYVKTK,C12,0,8
Lipopeptide_484,RCWRWRWRWRWRFLA,C16,0,15
Lipopeptide_333,RGGLSGIVQQQNNLLRAIEAQQHLLQ,C16,0,26
Lipopeptide_139,RIKWK,C18,0,5
Lipopeptide_335,RQLLSGIDQEQNNLTRLIEAQIHELQK,C16,0,27
Lipopeptide_331,RQLLSGIVQQQNNLLRAIEAQQH,C16,0,23
Lipopeptide_330,RQLLSGIVQQQNNLLRAIEAQQHLL,C16,0,25
Lipopeptide_327,RQLLSGIVQQQNNLLRAIEAQQHLLQK,C8,0,27
Lipopeptide_328,RQLLSGIVQQQNNLLRAIEAQQHLLQK,C12,0,27
Lipopeptide_329,RQLLSGIVQQQNNLLRAIEAQQHLLQK,C16,0,27
Lipopeptide_189,RRRRKKKKG,C10,0,9
Lipopeptide_481,RRWWRF,C16,0,6
Lipopeptide_2,SDVSS,C16,0,5
Lipopeptide_339,SGIDQEQNNLTRLIEAQIHELQLTQWKIKQLLARILK,C16,0,37
Lipopeptide_340,SGIVQQLNNQLRAEEANQHLEQLSVWGSKQNQARRLK,C16,0,37
Lipopeptide_332,SGIVQQQNNLLRAIEAQQHLLQ,C16,0,22
Lipopeptide_336,SGIVQQQNNLLRAIEAQQHLLQLTVWGIKQLQARIL,C8,0,36
Lipopeptide_337,SGIVQQQNNLLRAIEAQQHLLQLTVWGIKQLQARIL,C12,0,36
Lipopeptide_338,SGIVQQQNNLLRAIEAQQHLLQLTVWGIKQLQARIL,C16,0,36
Lipopeptide_418,VENVQLKTKC,C8,0,10
Lipopeptide_435,VENVQLKTKC,C12,0,10
Lipopeptide_455,VENVQLKTKC,C16,0,10
Lipopeptide_300,VFEIA,C8,0,5
Lipopeptide_24,VFEIAI,C8,0,6
Lipopeptide_80,VFLRILVRKIAPGVKKYG,C12,0,18
Lipopeptide_495,VKELIARQIGNRKKR,C8,0,15
Lipopeptide_152,VKGSWSKKFEVVA,C8,0,13
Lipopeptide_372,VKRFKKFFRKLKKSV,C12,0,15
Lipopeptide_373,VKRFKKFFRKLKKSV,C14,0,15
Lipopeptide_374,VKRFKKFFRKLKKSV,C16,0,15
Lipopeptide_375,VKRFKKFFRKLKKSV,C18,0,15
Lipopeptide_176,VKVKVKVK,C16,0,8
Lipopeptide_177,VVVAAAKKK,C16,0,9
Lipopeptide_285,WKKLKKLLKKL,C14,0,11
Lipopeptide_31,WKKLKKLLKKLKKL,C14,0,14
Lipopeptide_283,WKKLKKLLKKLKKL,C16,0,14
Lipopeptide_284,WKKLKKLLKKLKKL,C18,0,14
Lipopeptide_399,WKLFKKILKVL,C16,0,11
Lipopeptide_180,WRRRRRRG,C10,0,8
Lipopeptide_181,WRRRRRRRG,C10,0,9
Lipopeptide_179,WRRRRRRRRG,C8,0,10
Lipopeptide_182,WRRRRRRRRG,C10,0,10
Lipopeptide_185,WRRRRRRRRG,C12,0,10
Lipopeptide_186,WRRRRRRRRG,C14,0,10
Lipopeptide_187,WRRRRRRRRG,C16,0,10
Lipopeptide_188,WRRRRRRRRG,C18,0,10
Lipopeptide_183,WRRRRRRRRRG,C10,0,11
Lipopeptide_184,WRRRRRRRRRRG,C10,0,12
Lipopeptide_74,WWLWWLRWL,C16,0,9
Lipopeptide_48,WWVFRVVYPRIVYRRVRWTGPKK,C14,0,23
Lipopeptide_322,YGAKAKAAKAAKAKAAKA,C12,0,18
Lipopeptide_411,YSFMGAKLAYRRL,C8,0,13
Lipopeptide_428,YSFMGAKLAYRRL,C12,0,13
Lipopeptide_448,YSFMGAKLAYRRL,C16,0,13
Lipopeptide_248,GRFRRLRKKTRKRLKKIGKVLKWIWWIVGSIPLGCG,C14,1,36
Lipopeptide_104,GLLKRIKTL,C16,1,9
Lipopeptide_324,GATAIKQVKKLFKKKGG,C8,1,17
Lipopeptide_106,GLLKRIK,C16,1,7
Lipopeptide_34,IKQVKKLFKK,C10,1,10
Lipopeptide_35,IKQVKKLFKK,C12,1,10
Lipopeptide_36,IKQVKKLFKK,C14,1,10
Lipopeptide_298,PRPRPPR,C12,1,7
Lipopeptide_299,PRPRPPR,C14,1,7
Lipopeptide_27,KLKNFAKGVAQSLLNKASCKLSGQC,C12,1,25
Lipopeptide_84,LPKPPKPVSKMRMATPLLMQALPM,C12,1,24
Lipopeptide_158,SKVWRHWRRFWHRAHRKL,C8,1,18
Lipopeptide_223,KLFKKLFK,C16,1,8
Lipopeptide_204,GRRGGRGGRGRGR,C16,1,13
Lipopeptide_107,GLLKRI,C16,1,6
Lipopeptide_46,CKKRKC,C16,1,6
Lipopeptide_325,GATAIKQVKKLFKKKGG,C12,1,17
Lipopeptide_154,KRIVQRIKDFLR,C8,1,12
Lipopeptide_33,IKQVKKLFKK,C8,1,10
Lipopeptide_290,LGLKLLWSAYKHRKTI,C6,1,16
Lipopeptide_323,KLFKRHLKWKII,C12,1,12
Lipopeptide_105,GLLKRIKT,C16,1,8
Lipopeptide_341,ALWMTLLKKVLKA,C6,1,13
Lipopeptide_217,GLLKKIKRLL,C10,1,10
Lipopeptide_170,KKKKK,C18,1,5
Lipopeptide_76,YGAAKKAAKAAKKAAKAA,C16,1,18
Lipopeptide_72,KKLFKKILKYL,C6,1,11
Lipopeptide_238,KRIWQRIK,C10,1,8
Lipopeptide_289,LGLKLLWSAYKHRKTL,C6,1,16
Lipopeptide_38,GGLRSLGRKILRAWKKYG,C12,1,18
Lipopeptide_82,RRFWRR,C12,1,6
Lipopeptide_83,RRIWRR,C12,1,6
Lipopeptide_159,SKVWRHWRRFWHRAHRKL,C12,1,18
Lipopeptide_222,KLFKKLFK,C14,1,8
Lipopeptide_233,KRIWQRIKDF,C12,1,10
Lipopeptide_178,ILPFKFPFFPFRR,C16,1,13
Lipopeptide_234,KRIWQRIK,C12,1,8
Lipopeptide_244,KRIWQRIKDFLR,C6,1,12
Lipopeptide_348,ALWKTLLKKVLKA,C8,1,13
Lipopeptide_276,CGKKPGGWKCKL,C12,1,12
Lipopeptide_44,CKKKC,C16,1,5
Lipopeptide_47,CRKKKC,C16,1,6
Lipopeptide_206,GRRGGRGGRGR,C16,1,11
Lipopeptide_199,GRRGSGLGRSSSRGQRGSGSGR,C16,1,22
Lipopeptide_28,INWKGIAAMAKKLL,C8,1,14
Lipopeptide_100,KIVPAMICAVTKKC,C12,1,14
Lipopeptide_169,KKKKK,C16,1,5
Lipopeptide_263,KKLFKKIGLRYK,C14,1,12
Lipopeptide_261,KKLFKKIGLRYL,C10,1,12
Lipopeptide_262,KKLFKKIGLRYL,C12,1,12
Lipopeptide_305,VKRFKKFFRKLKKSV,C6,1,15
Lipopeptide_306,VKRFKKFFRKLKKSV,C8,1,15
Lipopeptide_371,VKRFKKFFRKLKKSV,C10,1,15
Lipopeptide_78,YGAAKKAAKAAKKAAKAA,C18,1,18
Lipopeptide_224,KLFKKLFKKLFK,C8,1,12
Lipopeptide_237,KRIWQRIKDF,C10,1,10
Lipopeptide_342,KALWKTLLKKVLKA,C8,1,14
Lipopeptide_75,YGAAKKAAKAAKKAAKAA,C14,1,18
Lipopeptide_226,KLFKKLFKKLFK,C12,1,12
Lipopeptide_207,GRRGGRGGR,C16,1,9
Lipopeptide_315,KKLLKLLLKLLK,C8,1,12
Lipopeptide_32,GLLKRIKTLL,C10,1,10
Lipopeptide_108,GLLKR,C16,1,5
Lipopeptide_29,GLLKRIKTLL,C16,1,10
Lipopeptide_403,TLLKKVLKAAA,C12,1,11
Lipopeptide_71,ELDRIGYGTARRKKR,C14,1,15
Lipopeptide_41,GLLKFIKKLL,C8,1,10
Lipopeptide_42,GLLKFIKKLL,C10,1,10
Lipopeptide_43,GLLKFIKKLL,C12,1,10
Lipopeptide_200,GRRGSGLGRSSSR,C16,1,13
Lipopeptide_240,KRIWQRIKDFLR,C8,1,12
Lipopeptide_37,IKQVKKLFKK,C16,1,10
Lipopeptide_225,KLFKKLFKKLFK,C10,1,12
Lipopeptide_251,VRLLRRRI,C6,1,8
Lipopeptide_221,KLFKKLFK,C12,1,8
Lipopeptide_126,KIKRWWR,C10,1,7
Lipopeptide_120,KKIRWR,C14,1,6
Lipopeptide_124,RIKWWK,C10,1,6
Lipopeptide_350,ALWKTLLKKVLKA,C12,1,13
Lipopeptide_270,GKKYRRFRWKFKGK,C12,1,14
Lipopeptide_99,KIVPAMICAVTKKC,C14,1,14
Lipopeptide_101,KIVPAMICAVTKKC,C10,1,14
Lipopeptide_265,KKLFKKGILRYK,C12,1,12
Lipopeptide_361,KKVLKAAA,C14,1,8
Lipopeptide_394,RGRKGGRRKK,C12,1,10
Lipopeptide_395,RGRKGGRRKK,C14,1,10
Lipopeptide_392,RGRKGGRRKK,C8,1,10
Lipopeptide_389,RGRKVVRRKK,C14,1,10
Lipopeptide_94,RRWQWRMKK,C6,1,9
Lipopeptide_95,RRWQWRMKK,C10,1,9
Lipopeptide_73,KKLFKKILKYL,C12,1,11
Lipopeptide_241,KRIWQRIKDF,C8,1,10
Lipopeptide_288,LGIKILWSAYKHRKTI,C6,1,16
Lipopeptide_402,ATYRTGRATRESLSGVEISGRLYRLR,C12,1,26
Lipopeptide_249,IKKILSKIKKLL,C12,1,12
Lipopeptide_307,KAAAKWAAKAAK,C16,1,12
Lipopeptide_160,SKVWRHWRRFWHRAHRKL,C16,1,18
Lipopeptide_81,VLLRALARKILLGIKKYG,C12,1,18
Lipopeptide_39,VLLRALARKITLGIKKYG,C12,1,18
Lipopeptide_155,KRIVQRIKDFLR,C10,1,12
Lipopeptide_230,KRIWQRIK,C14,1,8
Lipopeptide_231,KRIWQR,C14,1,6
Lipopeptide_235,KRIWQR,C12,1,6
Lipopeptide_347,ALWKTLLKKVLKA,C6,1,13
Lipopeptide_122,KIWWK,C10,1,5
Lipopeptide_129,KKIRWR,C10,1,6
Lipopeptide_125,KRIWWR,C10,1,6
Lipopeptide_291,LGIKILWSAYKHRKTI,C8,1,16
Lipopeptide_123,RKWWK,C10,1,5
Lipopeptide_142,RKWWK,C12,1,5
Lipopeptide_349,ALWKTLLKKVLKA,C10,1,13
Lipopeptide_219,KLFKKLFK,C8,1,8
Lipopeptide_277,CGKKWWGWKCKL,C8,1,12
Lipopeptide_278,CGKKWWGWKCKL,C10,1,12
Lipopeptide_280,CGRRWGWWRCRL,C8,1,12
Lipopeptide_193,CRRKKC,C16,1,6
Lipopeptide_173,FFFFKKKKK,C10,1,9
Lipopeptide_302,GGGKRIVQRIKDFLR,C14,1,15
Lipopeptide_268,GKKYRRFRWKFKGK,C8,1,14
Lipopeptide_269,GKKYRRFRWKFKGK,C10,1,14
Lipopeptide_271,GKKYRRFRWKFKGK,C14,1,14
Lipopeptide_264,KKLFKKGILRYK,C10,1,12
Lipopeptide_254,KKLFKKILRYL,C8,1,11
Lipopeptide_144,PFWRIRIRR,C10,1,9
Lipopeptide_51,PRPRPRP,C16,1,7
Lipopeptide_60,PRPWPRP,C16,1,7
Lipopeptide_386,RGRKVVRRKK,C8,1,10
Lipopeptide_388,RGRKVVRRKK,C12,1,10
Lipopeptide_210,RGSRSGQSSRGERR,C16,1,14
Lipopeptide_202,RGSRSGQSSRGERRGSSSGSSSR,C16,1,23
Lipopeptide_1,TYVSYT,C18,1,6
Lipopeptide_286,WKKLKKLLKKL,C8,1,11
Lipopeptide_287,WKKLKKLLKKL,C6,1,11
Lipopeptide_326,GATAIKQVKKLWKKKGG,C8,1,17
Lipopeptide_356,ALWKTLLKKVLKAAA,C12,1,15
Lipopeptide_77,YGAAKKAAKAAKKAAKAA,C10,1,18
Lipopeptide_368,KRRRRR,C12,1,6
Lipopeptide_26,GLLKRIKTLL,C8,1,10
Lipopeptide_228,KLFKKLFKKLFK,C16,1,12
Lipopeptide_369,KRRRRR,C16,1,6
Lipopeptide_266,KKLFKKGILRYK,C14,1,12
Lipopeptide_227,KLFKKLFKKLFK,C14,1,12
Lipopeptide_400,KTLLKKVLKAAA,C12,1,12
Lipopeptide_208,GRRGGR,C16,1,6
Lipopeptide_232,KRIWQRIKDFLR,C12,1,12
Lipopeptide_236,KRIWQRIKDFLR,C10,1,12
Lipopeptide_343,LKKLLKKLLKKL,C10,1,12
Lipopeptide_314,KKLLKLLLKLLK,C6,1,12
Lipopeptide_119,KIKRWR,C14,1,6
Lipopeptide_127,KIRWWR,C10,1,6
Lipopeptide_370,KRRRRRR,C12,1,7
Lipopeptide_214,GLKKIIKKLL,C8,1,10
Lipopeptide_103,GLLKRIKTLL,C12,1,10
Lipopeptide_357,LLKKVLKAAA,C12,1,10
Lipopeptide_396,RGRKGGRRKK,C16,1,10
Lipopeptide_393,RGRKGGRRKK,C10,1,10
Lipopeptide_390,RGRKVVRRKK,C16,1,10
Lipopeptide_195,RHRHRHRHRH,C14,1,10
Lipopeptide_260,KKLFKKILGRYK,C14,1,12
Lipopeptide_401,ATYRTGRATRESLSGVEISGRLYRLR,C14,1,26
Lipopeptide_229,KRIWQRIKDF,C14,1,10
Lipopeptide_275,CGKKPGGWKCKL,C10,1,12
Lipopeptide_153,KRIVQRIKDFLR,C6,1,12
Lipopeptide_69,SCLPKEEQIGKSTRGRKCRRKK,C14,1,22
Lipopeptide_321,YGAAKKAAKAAKKAAKAA,C12,1,18
Lipopeptide_130,RIKWK,C10,1,5
Lipopeptide_115,RIKWWK,C14,1,6
Lipopeptide_114,RKWWK,C14,1,5
Lipopeptide_67,ACPIFTKIQGTYRGKAKCK,C14,1,19
Lipopeptide_293,KRLKKIGKVLKWIAKIVGSI,C8,1,20
Lipopeptide_98,RRWQWRMKK,C18,1,9
Lipopeptide_96,RRWQWRMKK,C14,1,9
Lipopeptide_97,RRWQWRMKK,C16,1,9
Lipopeptide_358,LKKVLKAAA,C12,1,9
Lipopeptide_304,KKGGII,C14,1,6
Lipopeptide_355,KGGGKWGGKGGK,C16,1,12
Lipopeptide_112,KIAGKIAKIAGKIAKIAGKIA,C8,1,21
Lipopeptide_242,KRIWQRIK,C8,1,8
Lipopeptide_384,LWKTLLKKVLKAAA,C12,1,14
Lipopeptide_68,FCPRRYKQIGTGLPGTKCK,C14,1,19
Lipopeptide_215,GLKKIIKKLL,C10,1,10
Lipopeptide_220,KLFKKLFK,C10,1,8
Lipopeptide_317,KKLLKKLKKLLK,C8,1,12
Lipopeptide_197,GRHGSGLGHSSSHGQHGSGSGR,C14,1,22
Lipopeptide_398,WKTLLKKVLKAAA,C12,1,13
Lipopeptide_70,AFTRRRSYSTEYSYGTTV,C14,1,18
Lipopeptide_113,KIWWK,C14,1,5
Lipopeptide_116,KRIWWR,C14,1,6
Lipopeptide_121,RIKWK,C14,1,5
Lipopeptide_141,RKWWK,C8,1,5
Lipopeptide_279,CGKKWWGWKCKL,C12,1,12
Lipopeptide_191,CKKKKC,C16,1,6
Lipopeptide_45,CKKKRC,C16,1,6
Lipopeptide_192,CKRKKC,C16,1,6
Lipopeptide_148,FWRRFWRR,C12,1,8
Lipopeptide_149,FWRRFWRR,C14,1,8
Lipopeptide_381,FWRRFWRR,C8,1,8
Lipopeptide_267,GKKYRRFRWKFKGK,C6,1,14
Lipopeptide_30,GLLKRIKTLL,C14,1,10
Lipopeptide_198,GRRGSGLGRSSSRGQRGSGSGR,C14,1,22
Lipopeptide_168,KKKKK,C14,1,5
Lipopeptide_171,KKKKK,C10,1,5
Lipopeptide_146,PFWRIRIRR,C14,1,9
Lipopeptide_54,PRPGPRP,C16,1,7
Lipopeptide_387,RGRKVVRRKK,C10,1,10
Lipopeptide_14,TSSVV,C12,1,5
Lipopeptide_175,VVVKKKKK,C18,1,8
Lipopeptide_209,SHHRCCRSHRCRR,C16,1,13
Lipopeptide_362,KVLKAAA,C14,1,7
Lipopeptide_17,LELIQSVISLVS,C6,1,12
Lipopeptide_359,KKVLKAAA,C12,1,8
Lipopeptide_344,LKKLLKKLLKKL,C12,1,12
Lipopeptide_196,GRHGSGLGHSSSHGQHGSGSGR,C16,1,22
Lipopeptide_272,GKKYRRFRWKFKGK,C16,1,14
Lipopeptide_391,RGRKGGRRKK,C6,1,10
Lipopeptide_212,GLLKIIKKLL,C8,1,10
Lipopeptide_213,GLLKIIKKLL,C10,1,10
Lipopeptide_128,KIKRWR,C10,1,6
Lipopeptide_117,KIKRWWR,C14,1,7
Lipopeptide_118,KIRWWR,C14,1,6
Lipopeptide_294,KRLKKIGKVLKWIAKIVGSI,C12,1,20
Lipopeptide_145,PFWRIRIRR,C12,1,9
Lipopeptide_40,CILRWLARKIPWHAKKYG,C12,1,18
Lipopeptide_250,IKKILSKIKKLL,C16,1,12
Lipopeptide_239,KRIWQR,C10,1,6
Lipopeptide_143,RKWWK,C16,1,5
Lipopeptide_316,KKLLKKLKKLLK,C6,1,12
Lipopeptide_274,CGKKPGGWKCKL,C8,1,12
Lipopeptide_281,CGRRWGWWRCRL,C10,1,12
Lipopeptide_282,CGRRWGWWRCRL,C12,1,12
Lipopeptide_174,FFFKKK,C16,1,6
Lipopeptide_147,FWRRFWRR,C10,1,8
Lipopeptide_205,GKKGGKGGKGKGK,C16,1,13
Lipopeptide_273,GKKYRRFRWKFKGK,C18,1,14
Lipopeptide_216,GLLKFIKRLL,C10,1,10
Lipopeptide_218,GLLKIIKRLL,C10,1,10
Lipopeptide_138,KKIRWR,C18,1,6
Lipopeptide_255,KKLFKKILRYL,C10,1,11
Lipopeptide_156,KRIVQRIKDFLR,C12,1,12
Lipopeptide_157,KRIVQRIKDFLR,C14,1,12
Lipopeptide_134,KRIWWR,C18,1,6
Lipopeptide_383,PFWRIRIRR,C6,1,9
Lipopeptide_59,PRPWPRP,C12,1,7
Lipopeptide_133,RIKWWK,C18,1,6
Lipopeptide_140,RKWWK,C6,1,5
Lipopeptide_172,RRRRR,C18,1,5
Lipopeptide_5,TSSVI,C10,1,5
Lipopeptide_211,SHHRHFRSHQCRR,C16,1,13
Lipopeptide_309,GLKKIFKAGLGSLVKGIAAHVAS,C16,1,23
Lipopeptide_397,KKKLFKKL,C14,1,8
Lipopeptide_245,KRIWQRIKDF,C6,1,10
Lipopeptide_258,KKLFKKILGRYK,C10,1,12
Lipopeptide_318,KKKLKKLKKKLK,C6,1,12
Lipopeptide_319,KKKLKKLKKKLK,C8,1,12
Lipopeptide_243,KRIWQR,C8,1,6
Lipopeptide_345,LKKLLKKLLKKL,C14,1,12
Lipopeptide_346,LKKLLKKLLKKL,C16,1,12
Lipopeptide_385,RGRKVVRRKK,C6,1,10
Lipopeptide_320,GRRRRSVQWCA,C12,1,11
Lipopeptide_256,KKLFKKILRYL,C12,1,11
Lipopeptide_57,PRPLPRP,C16,1,7
Lipopeptide_132,RKWWK,C18,1,5
Lipopeptide_11,TSSVV,C10,1,5
Lipopeptide_497,ARARLGVRRFRRKR,C8,1,14
Lipopeptide_408,FFGKARKLGLRHYFF,C8,1,15
Lipopeptide_457,FFWKTKPRKHGGRR,C12,1,14
Lipopeptide_501,FFWKTKPRKHGGRR,C8,1,14
Lipopeptide_423,FKRFAKK,C12,1,7
Lipopeptide_443,FKRFAKK,C16,1,7
Lipopeptide_493,FKRIVQRIKDGLR,C8,1,13
Lipopeptide_405,FLGKKR,C8,1,6
Lipopeptide_422,FLGKKR,C12,1,6
Lipopeptide_505,FRARLLRTAFR,C8,1,11
Lipopeptide_470,FRARLLRTAFR,C12,1,11
Lipopeptide_487,HHRKKYYY,C16,1,8
Lipopeptide_490,IKGILLRKIIKVR,C8,1,13
Lipopeptide_486,KHHKQQRY,C16,1,8
Lipopeptide_463,KKLKLFLKKQ,C12,1,10
Lipopeptide_476,KRHHMCNL,C12,1,8
Lipopeptide_474,KRHHMNCL,C12,1,8
Lipopeptide_459,KRIKLAKMIIKKIFS,C12,1,15
Lipopeptide_500,KRIKLAKMIIKKIFS,C8,1,15
Lipopeptide_456,KRKLILKRILIKRK,C12,1,14
Lipopeptide_407,KRWGLRYY,C8,1,8
Lipopeptide_424,KRWGLRYY,C12,1,8
Lipopeptide_444,KRWGLRYY,C16,1,8
Lipopeptide_479,KWKKKKKKPKFL,C16,1,12
Lipopeptide_464,KWKLFKKI,C12,1,8
Lipopeptide_420,LDLIKKKKK,C12,1,9
Lipopeptide_440,LDLIKKKKK,C16,1,9
Lipopeptide_416,LIKANWPKKWFKR,C8,1,13
Lipopeptide_433,LIKANWPKKWFKR,C12,1,13
Lipopeptide_439,LIKKKKK,C16,1,7
Lipopeptide_437,LIRRRRR,C16,1,7
Lipopeptide_472,LKKWLKK,C12,1,7
Lipopeptide_499,LKRVWKR,C8,1,7
Lipopeptide_477,LKRVWKR,C16,1,7
Lipopeptide_414,LLHYKWLHKK,C8,1,10
Lipopeptide_491,LLKKLLKWLKK,C8,1,11
Lipopeptide_404,LLLIKKK,C8,1,7
Lipopeptide_421,LLLIKKK,C12,1,7
Lipopeptide_419,LLLIKKKKR,C12,1,9
Lipopeptide_488,LLLLRRRR,C8,1,8
Lipopeptide_478,LRLKKYKVPQL,C16,1,11
Lipopeptide_412,MIKKARKLPFFLI,C8,1,13
Lipopeptide_460,MWRRRPWRW,C12,1,9
Lipopeptide_502,MWRWRRWWV,C8,1,9
Lipopeptide_480,PKRTKYRK,C16,1,8
Lipopeptide_452,RAPYVKTK,C16,1,8
Lipopeptide_485,RHKHWTYY,C16,1,8
Lipopeptide_475,RHKWACYH,C12,1,8
Lipopeptide_436,RLIRRRRR,C16,1,8
Lipopeptide_466,RLWLAIKRR,C12,1,9
Lipopeptide_492,RLWLAIKRR,C8,1,9
Lipopeptide_465,RLWLAWKRR,C12,1,9
Lipopeptide_503,RRGWAFRRALAYGRR,C8,1,15
Lipopeptide_494,RRWRIVVIRVRR,C8,1,12
Lipopeptide_489,RRWVIWRR,C8,1,8
Lipopeptide_471,RVRRFPWWWPFLRRR,C12,1,15
Lipopeptide_473,RWWWRR,C12,1,6
Lipopeptide_498,VAVRWGRKGLRSQRR,C8,1,15
Lipopeptide_469,VKELIARQIGNRKKR,C12,1,15
Lipopeptide_504,VRSWRRRPTRLLH,C8,1,13
Lipopeptide_468,VRSWRRRPTRLLH,C12,1,13
Lipopeptide_458,WIKRKR,C12,1,6
Lipopeptide_506,WRHMMHCK,C8,1,8
